,Open,High,Low,Close,Volume,Dividends,Stock Splits
2020-12-01,713.352559943053,713.4494065451659,685.8898080043523,711.5604248046875,5710611,0.0,0.0
2020-12-02,711.0276153314227,734.2764746883084,707.685579973889,730.01416015625,6337698,0.0,0.0
2020-12-03,726.5753374465319,732.6781517003584,720.4240998900782,722.5067749023438,2957787,0.0,0.0
2020-12-04,725.6550618500808,740.52468157603,719.9397522383235,727.0596923828125,5356456,0.0,0.0
2020-12-07,726.5269397241516,732.1938262040344,720.7631475106905,728.7549438476562,3525945,0.0,0.0
2020-12-08,729.7720530817497,740.0887590403265,720.2787797776809,730.4017333984375,4333519,0.0,0.0
2020-12-09,733.1140751214168,739.0716194303669,726.7206619666161,731.3704223632812,3213975,0.0,0.0
2020-12-10,721.6834065965226,731.3220088854451,708.1699940708402,713.1104125976562,3814006,0.0,0.0
2020-12-11,715.7742886421246,723.3301561877465,699.500039620899,704.7794799804688,4197494,0.0,0.0
2020-12-14,708.7511625769353,714.3212015967263,687.7787311394125,689.425537109375,4183639,0.0,0.0
2020-12-15,687.7787233123688,697.4657475843741,679.0604014675641,695.4799194335938,5495877,0.0,0.0
2020-12-16,714.0305914988462,722.8942430535873,703.4717696883185,709.0418090820312,11262389,0.0,0.0
2020-12-17,712.0932107245267,715.3383996958063,702.6483609963927,707.7825317382812,3630553,0.0,0.0
2020-12-18,703.374928314799,714.8540895035369,699.9360459386045,710.6401977539062,6671658,0.0,0.0
2020-12-21,706.1841380669575,707.1528405883114,639.5858397238803,664.4815063476562,9130116,0.0,0.0
2020-12-22,667.242240503606,677.462039599163,646.4151376797607,673.296630859375,7305751,0.0,0.0
2020-12-23,671.3108751695088,692.6223315240964,666.709538002041,689.2318725585938,4383472,0.0,0.0
2020-12-24,690.2005351243617,699.9359834790289,678.1886004069707,688.650634765625,3373695,0.0,0.0
2020-12-28,693.0097734783698,696.3033264146874,685.1632479648317,688.6990356445312,2484872,0.0,0.0
2020-12-29,692.1379885736799,694.5597450067578,681.9666115547525,684.921142578125,2808820,0.0,0.0
2020-12-30,687.7787920662598,701.6312263350068,682.3055991554869,698.1439208984375,3219036,0.0,0.0
2020-12-31,697.2236235961956,702.842086264938,691.1692329779584,698.0469970703125,3723205,0.0,0.0
2021-01-01,702.309338366251,721.4412134458835,700.3719332948959,709.5261840820312,9543128,0.0,0.0
2021-01-04,711.9963475049078,727.4955877227017,704.4889030244138,725.655029296875,4547027,0.0,0.0
2021-01-05,724.5894800490656,724.5894800490656,707.1528348072432,716.9367065429688,3551554,0.0,0.0
2021-01-06,717.8086170101445,723.0880579345946,707.588816541663,713.0619506835938,3601608,0.0,0.0
2021-01-07,719.745965686174,731.3703958183868,716.9367047542589,721.1021728515625,4063641,0.0,0.0
2021-01-08,726.5269720732276,748.6133801992705,721.6834589260728,746.3853759765625,5998381,0.0,0.0
2021-01-11,748.8554735387237,766.6312003097357,739.3137773376657,764.4031372070312,6643610,0.0,0.0
2021-01-12,765.226619581132,771.8137853404796,753.0694139526814,755.4426879882812,5532160,0.0,0.0
2021-01-13,760.0439487496341,811.2883340360218,757.7675215518543,802.4246826171875,19610461,0.0,0.0
2021-01-14,802.9575669816883,817.4396227977071,801.4560307299384,803.92626953125,8576718,0.0,0.0
2021-01-15,802.0857129708769,811.7727384898488,789.8316020394128,793.9970703125,4996951,0.0,0.0
2021-01-18,792.3018351869822,795.1110370924699,772.201257378701,783.6803588867188,3955069,0.0,0.0
2021-01-19,784.6490525671286,793.948573243886,776.4635043295635,782.7600708007812,3991167,0.0,0.0
2021-01-20,781.7428971215984,805.9120356915412,776.8993847478586,798.6951904296875,4502291,0.0,0.0
2021-01-21,797.242220424625,808.8666513421165,775.2526601140543,782.953857421875,4455107,0.0,0.0
2021-01-22,782.7116916110147,800.8264418433315,770.1185579588572,773.4121704101562,5588252,0.0,0.0
2021-01-25,776.9963097852024,787.5067681722203,759.7049925153099,769.6826171875,3353172,0.0,0.0
2021-01-27,772.0559311751433,791.4299821456614,739.5075491946376,745.8525390625,6585102,0.0,0.0
2021-01-28,734.2765768612132,753.7474756319733,732.4360182560542,741.0574951171875,4622634,0.0,0.0
2021-01-29,748.3711395361848,774.9136129270023,722.6520987838077,726.139404296875,8761073,0.0,0.0
2021-02-01,729.4329611172715,783.5349705063521,718.3413059924326,770.2637939453125,6592083,0.0,0.0
2021-02-02,784.6490185134126,811.191490443953,777.4805964227096,791.2846069335938,5334431,0.0,0.0
2021-02-03,795.3048027678842,832.0186534883762,792.3986950842013,807.1229858398438,8802838,0.0,0.0
2021-02-04,808.866548972947,865.5840658214581,808.866548972947,839.3806762695312,14706560,0.0,0.0
2021-02-05,852.3613885653064,854.1050413122615,814.8725884436726,838.4120483398438,15668083,0.0,0.0
2021-02-08,863.1139468615479,922.2532239881905,863.1139468615479,899.3434448242188,21179625,0.0,0.0
2021-02-09,900.4090070159741,909.6116811059707,857.4954965054989,866.98876953125,9210613,0.0,0.0
2021-02-10,870.8635619425864,888.3002072317595,858.367275835382,885.5394287109375,6465767,0.0,0.0
2021-02-11,887.7674713811803,891.254776941104,874.1087298341698,885.587890625,3640848,0.0,0.0
2021-02-12,887.3315308407415,889.8017105044535,876.6758028502959,880.1146850585938,2484145,0.0,0.0
2021-02-15,882.3911202680457,891.2062892618685,870.137010140732,883.3113403320312,4178613,0.0,0.0
2021-02-16,886.3628681170267,892.9016105867424,873.8665810804932,883.6505126953125,4223635,0.0,0.0
2021-02-17,876.675790086562,891.3516570733342,876.2882854244049,886.3143920898438,3903522,0.0,0.0
2021-02-18,886.3143331719868,886.3143331719868,863.7435775371231,866.4559326171875,4616205,0.0,0.0
2021-02-19,862.145241527758,877.3054595933504,835.8449444986047,851.731689453125,5171996,0.0,0.0
2021-02-22,852.4582418462177,854.8799982150989,807.02606871604,810.90087890625,5960870,0.0,0.0
2021-02-23,815.7444046013392,830.1296731359373,793.4642456537321,814.6304321289062,7348084,0.0,0.0
2021-02-24,814.7756720725317,829.1125167766841,813.7101229424521,823.0096435546875,3184114,0.0,0.0
2021-02-25,826.4001099026314,839.4775941400713,815.6959587036349,832.115478515625,6134649,0.0,0.0
2021-02-26,821.5081680286032,829.8390452543197,773.5089695337396,781.1617431640625,12073749,0.0,0.0
2021-03-01,795.3047607570132,826.0126421508103,790.6550005337202,793.8032836914062,9223619,0.0,0.0
2021-03-02,806.8808135269695,840.8338266130316,794.3845267856358,833.1326293945312,9706013,0.0,0.0
2021-03-03,839.8166251427446,840.8337509196821,820.5394221802222,825.3829345703125,5028771,0.0,0.0
2021-03-04,815.50216426452,831.4373319856746,808.6728235625703,818.7957763671875,4574138,0.0,0.0
2021-03-05,813.7101515754754,833.8107297245125,812.1117686992015,814.09765625,5179108,0.0,0.0
2021-03-08,821.4113746812101,830.5171435707272,813.7101772501102,824.3659057617188,3474579,0.0,0.0
2021-03-09,826.3032361957389,838.6057698257451,815.6475086480799,825.3345336914062,3536262,0.0,0.0
2021-03-10,829.5968953261261,847.6147392767879,822.4284727382776,836.7652587890625,3971353,0.0,0.0
2021-03-12,842.286861672496,848.777180539693,817.730275841842,829.015625,4012449,0.0,0.0
2021-03-15,835.0215524064577,835.0215524064577,798.2108575207902,817.972412109375,3069303,0.0,0.0
2021-03-16,825.3345378396256,829.693699131032,813.7101077292083,816.4708862304688,2996797,0.0,0.0
2021-03-17,821.072200158393,824.7048344661813,807.6072711324689,810.7555541992188,2034583,0.0,0.0
2021-03-18,815.6475008173867,833.6169202752585,807.8978808571266,819.1832885742188,5033325,0.0,0.0
2021-03-19,813.6616363772936,833.0841087147911,794.868785158649,823.6876831054688,7538327,0.0,0.0
2021-03-22,823.2034013357016,832.4544987078066,806.1058370903772,826.3516845703125,2906300,0.0,0.0
2021-03-23,833.0357983442237,837.9277345649671,815.1632238571327,818.2146606445312,3925212,0.0,0.0
2021-03-24,810.0774830152419,818.5536300722026,783.2928346652823,786.0052490234375,4066262,0.0,0.0
2021-03-25,786.3927739846401,788.5239315706249,763.434510097957,766.921875,4501404,0.0,0.0
2021-03-26,774.8166876862276,789.1535322953705,767.35772557528,774.3323364257812,4170972,0.0,0.0
2021-03-30,780.3383303910775,780.3383303910775,758.4940996278007,770.1185302734375,5670999,0.0,0.0
2021-03-31,770.2153277145227,780.5320329039549,765.3718152546782,770.3606567382812,3972382,0.0,0.0
2021-04-01,776.4150957948167,784.4553151552329,755.3458152788625,782.3241577148438,5678798,0.0,0.0
2021-04-05,783.002226201642,783.4865774561431,745.1744050500808,750.211669921875,4176802,0.0,0.0
2021-04-06,759.4628255957276,766.8249415816392,750.7445023427155,756.653564453125,2984229,0.0,0.0
2021-04-07,756.8473296505105,773.605872807642,751.1320197847381,771.3778686523438,2271095,0.0,0.0
2021-04-08,776.8993822258323,785.6177044702619,768.1810599814028,770.2637939453125,3324494,0.0,0.0
2021-04-09,770.1185192145593,775.9307344539145,760.4314938156341,766.3890380859375,2065092,0.0,0.0
2021-04-12,754.6192378426741,754.6192378426741,715.4352103941544,727.9799194335938,4628388,0.0,0.0
2021-04-13,730.4017614238251,791.4300253093702,727.301901274497,785.8599853515625,12501628,0.0,0.0
2021-04-15,779.8055581794465,783.5835218007155,760.5768360780299,779.9024047851562,5256004,0.0,0.0
2021-04-16,779.9023742557129,811.6273817472181,778.0618749448919,795.9344482421875,6915568,0.0,0.0
2021-04-19,760.5283132078919,781.7429217224421,760.5283132078919,770.070068359375,4317341,0.0,0.0
2021-04-20,782.711624979063,795.4985098853858,775.4947794831728,785.7630615234375,4830957,0.0,0.0
2021-04-22,770.1185339045823,779.6602304545673,760.9158596000622,774.6714477539062,4576665,0.0,0.0
2021-04-23,771.0872028292567,780.3867233340177,749.8725940763272,753.5537109375,4796085,0.0,0.0
2021-04-26,755.5879753938782,768.4717072518943,751.3741430272227,756.0723266601562,3528851,0.0,0.0
2021-04-27,756.5566889087426,763.2891834327207,752.6818787222701,754.0380859375,3624649,0.0,0.0
2021-04-28,761.4002170763277,776.5119534599387,754.4739700776405,757.6222534179688,5214319,0.0,0.0
2021-04-29,763.3376328475998,767.2608664706282,744.5447791503713,750.3569946289062,3642323,0.0,0.0
2021-04-30,744.3511030650957,754.0381290855945,726.9628795333174,728.9971313476562,4466148,0.0,0.0
2021-05-03,721.5865389701975,742.5589132907716,716.8882962200423,729.3845825195312,3749870,0.0,0.0
2021-05-04,735.2452353215457,738.8294465809018,708.218410531303,717.9539184570312,3820769,0.0,0.0
2021-05-05,719.8913694721216,725.558256100107,714.2728470248187,724.1536254882812,3102424,0.0,0.0
2021-05-06,727.9799575383479,735.7295778448107,722.7974226083652,724.00830078125,3662506,0.0,0.0
2021-05-07,728.4642820272707,747.8383320811873,727.4955795245747,743.38232421875,4833670,0.0,0.0
2021-05-10,747.8383773133943,759.2690557115958,744.5932473830484,756.02392578125,2095644,0.0,0.0
2021-05-11,745.900919806097,755.2973458156489,742.2198621567109,751.713134765625,2938331,0.0,0.0
2021-05-12,747.3539561377609,747.5477084568803,731.515694391933,735.9232788085938,3480378,0.0,0.0
2021-05-14,739.2168581803768,739.7981151585302,712.965043935435,718.2929077148438,4984389,0.0,0.0
2021-05-17,716.839912124925,732.3391534681666,712.3839038887085,729.9658203125,3479938,0.0,0.0
2021-05-18,737.1825564020461,774.9135282426114,730.4016393260746,772.7339477539062,8634396,0.0,0.0
2021-05-19,769.1498070136457,769.1498070136457,753.6505665700458,760.2377319335938,4360320,0.0,0.0
2021-05-20,759.5111905254245,784.2131045104195,757.5253622065145,778.1102905273438,10092542,0.0,0.0
2021-05-21,778.8367947745351,795.3047369526037,775.6885117110809,793.3189086914062,5721630,0.0,0.0
2021-05-24,795.7891269259983,798.2108832465278,781.7429402669271,784.6490478515625,3495533,0.0,0.0
2021-05-25,793.9971108529344,802.0857539243066,783.0507241576588,785.8599853515625,5044078,0.0,0.0
2021-05-26,790.4612701392043,800.1482955085573,787.5551625283985,795.49853515625,3084558,0.0,0.0
2021-05-27,799.4701636831401,804.9917797737177,791.3330981351017,802.6668701171875,6902630,0.0,0.0
2021-05-28,803.0544001236507,826.3032609233703,785.1334032572,819.3770141601562,11638455,0.0,0.0
2021-05-31,798.2108715324617,798.2108715324617,765.2749860566076,782.6632080078125,17596018,0.0,0.0
2021-06-01,787.5551379558816,792.3986504894356,775.2041809953189,781.0648193359375,7230033,0.0,0.0
2021-06-02,781.0648031416683,786.5864191404188,777.1899931951639,780.9679565429688,4244490,0.0,0.0
2021-06-03,786.5864164756646,787.7488712806594,773.1214283072143,776.9478149414062,5001405,0.0,0.0
2021-06-04,788.5238571913844,788.5238571913844,777.964975994263,779.4180297851562,5084092,0.0,0.0
2021-06-07,782.6148209837796,786.3443021855727,777.4806501216898,778.6915283203125,2994862,0.0,0.0
2021-06-08,778.9337105880652,784.6490793841618,772.5402972949,782.5663452148438,2960405,0.0,0.0
2021-06-09,782.7116482875824,791.1877954689145,775.9307305425167,779.2727661132812,4176767,0.0,0.0
2021-06-10,782.7116448753122,785.5693291661138,777.9165555229381,781.6945190429688,2264605,0.0,0.0
2021-06-11,783.6803588867188,790.3159476698495,780.2898999792978,783.6803588867188,1783272,0.0,0.0
2021-06-14,783.6803100339467,784.1646612762421,769.1497727650849,782.1788330078125,1598770,0.0,0.0
2021-06-15,782.0819685101203,788.0395127543553,780.7742437369519,783.2928466796875,1640381,0.0,0.0
2021-06-16,783.4866430881674,796.1282000646394,776.5119726141061,780.9196166992188,3863280,0.0,0.0
2021-06-17,776.899431381433,784.5522050412642,767.7451806205974,780.483642578125,1988175,0.0,0.0
2021-06-18,780.7742670685436,783.6319514590996,748.9039290432002,757.0894775390625,5793496,0.0,0.0
2021-06-21,751.7131865325886,754.473965178523,738.4903729391059,752.5365600585938,3024852,0.0,0.0
2021-06-22,755.6848394661807,764.8390904354363,748.5164760345011,750.938232421875,2925669,0.0,0.0
2021-06-23,757.4285664423647,761.4002233467528,750.7444950301953,757.4769897460938,2700327,0.0,0.0
2021-06-24,758.4940456804753,769.1497730144283,754.619235740856,767.0186157226562,3251137,0.0,0.0
2021-06-25,768.3749029184377,776.8026272402851,765.2750428187461,769.3920288085938,1763201,0.0,0.0
2021-06-28,770.1184589696065,773.9932688260574,764.5484198009584,768.6654052734375,1409432,0.0,0.0
2021-06-29,764.3063008336734,767.2124084414061,755.0067801388934,757.1378784179688,3167773,0.0,0.0
2021-06-30,760.33465554017,764.6938170174359,751.1804046129296,753.3599853515625,2393862,0.0,0.0
2021-07-01,753.6506062522645,773.7511847609206,750.6476519081655,755.0552368164062,5697553,0.0,0.0
2021-07-02,761.4002408962388,762.659542446784,752.6819175271979,758.1066284179688,1963778,0.0,0.0
2021-07-05,761.4002359846168,768.6655054119508,759.9471820991499,766.9702758789062,1320469,0.0,0.0
2021-07-06,765.8561924983189,770.1185072576333,754.3286679275217,757.4285278320312,1420179,0.0,0.0
2021-07-07,753.4567916788076,757.4285073985013,744.496293565655,754.5223999023438,3004815,0.0,0.0
2021-07-08,753.6021283551498,762.9500720877578,746.8696340957125,751.955322265625,2010027,0.0,0.0
2021-07-09,747.8383327367333,751.7131427509132,742.9948202190083,747.4024047851562,1658120,0.0,0.0
2021-07-12,751.7131798507926,756.5566926075631,744.4479107156368,748.6617431640625,2681410,0.0,0.0
2021-07-13,753.5536822744025,757.7190911102837,749.4366967375033,756.7019653320312,2189466,0.0,0.0
2021-07-14,755.5879879027494,762.3689057429023,752.7303035594169,761.5455322265625,2067565,0.0,0.0
2021-07-15,765.0720491862422,767.9618979498246,759.3903481029877,763.9945068359375,2109663,8.75,0.0
2021-07-16,768.0109014833234,768.0109014833234,760.663858420664,763.8965454101562,845054,0.0,0.0
2021-07-19,759.9781494140625,764.7782416348382,754.2964478687142,759.9781494140625,1265906,0.0,0.0
2021-07-20,759.194504154397,759.8802401807442,737.0064086006948,744.6963500976562,2179910,0.0,0.0
2021-07-22,748.6147277034098,751.4555485102297,740.239110481139,742.9819946289062,2182264,0.0,0.0
2021-07-23,743.0309812116029,752.1902713024714,742.7860797675648,748.61474609375,1179241,0.0,0.0
2021-07-26,747.4392081985031,748.5167506375475,737.153347535221,738.9166259765625,1187498,0.0,0.0
2021-07-27,740.5819853491063,744.5004085520117,727.504271825567,730.3450927734375,1732564,0.0,0.0
2021-07-28,735.3900723156236,735.3900723156236,709.8713536591902,713.8387451171875,4016758,0.0,0.0
2021-07-29,715.1122134812719,723.781700646361,711.2917270547359,716.5326538085938,2489035,0.0,0.0
2021-07-30,720.206157790299,744.5003683793362,716.9244426607089,727.9450073242188,4642619,0.0,0.0
2021-08-02,734.7042775437752,743.5696972013926,729.4143828293052,742.2472534179688,2260861,0.0,0.0
2021-08-03,747.8310741484441,756.9413959173246,740.0921645932581,755.1290893554688,3235393,0.0,0.0
2021-08-04,757.235263783391,759.9781479942565,748.9575830297505,750.6229248046875,2659372,0.0,0.0
2021-08-05,750.3779884400126,750.720826529019,741.2676671180744,743.8635864257812,1451370,0.0,0.0
2021-08-06,748.2228718184272,756.549520826152,739.602353039096,742.7860717773438,4471604,0.0,0.0
2021-08-09,746.4595410443009,766.0516549824715,745.9697381958466,759.1454467773438,6700633,0.0,0.0
2021-08-10,761.1046873497007,773.6925971214044,759.3414089857438,770.2639770507812,4724852,0.0,0.0
2021-08-11,770.2640107532385,773.8395957566346,751.8474340975908,762.8190307617188,3147983,0.0,0.0
2021-08-12,765.0720907591658,778.443733162982,757.9699490715807,760.3699951171875,3551026,0.0,0.0
2021-08-13,766.9823735509798,773.398779586941,756.8434176403604,762.7700805664062,3391864,0.0,0.0
2021-08-16,764.4843280913097,787.5540308478976,764.3373633170993,782.9988403320312,7131928,0.0,0.0
2021-08-17,782.949915335097,787.5540744337133,766.0517157235481,774.5253295898438,3835522,0.0,0.0
2021-08-18,777.7090410692456,780.7457950258371,770.8518007114277,775.2109985351562,2450964,0.0,0.0
2021-08-20,772.7129804464191,775.2109630758561,760.4189406110429,769.6272583007812,3050982,0.0,0.0
2021-08-23,773.888565698578,777.2682175954666,748.0759773284593,750.2800903320312,2512960,0.0,0.0
2021-08-24,751.3576449050569,763.9945835790696,746.0677496949137,762.2802734375,1662376,0.0,0.0
2021-08-25,765.0231417765887,767.0313216568201,754.8352178026659,756.3046264648438,1693443,0.0,0.0
2021-08-26,755.2760048890611,766.9333367924794,751.6024834645035,765.4639282226562,2576883,0.0,0.0
2021-08-27,763.9945580356068,768.9905235078454,749.398408259238,759.3414306640625,2907125,0.0,0.0
2021-08-30,767.9619415843221,777.9539322172998,767.0313041614249,775.4069213867188,3028708,0.0,0.0
2021-08-31,771.9293173948967,779.5702301521491,765.3659470274968,777.1212158203125,3324467,0.0,0.0
2021-09-01,777.1212248667242,786.1336096708732,753.2188805839869,754.198486328125,6031309,0.0,0.0
2021-09-02,757.088229166772,758.3617643886231,734.7042631975089,737.1043090820312,4879865,0.0,0.0
2021-09-03,740.5819555048109,741.5615612660607,729.9042287910324,734.6063842773438,4257842,0.0,0.0
2021-09-06,737.6431727477279,744.3044802779422,731.814506237393,739.3574829101562,3682183,0.0,0.0
2021-09-07,739.7003004268299,743.2269171084213,732.8430599680815,737.7410888671875,2273976,0.0,0.0
2021-09-08,740.5819901690337,742.3452686637384,733.7247495193204,739.3574829101562,2380939,0.0,0.0
2021-09-09,734.7043215573489,741.0717590108459,732.3042754821835,735.4390258789062,3313559,0.0,0.0
2021-09-13,738.1329708472905,738.1329708472905,725.251130651582,730.3450927734375,3139833,0.0,0.0
2021-09-14,729.6103734233592,737.2023182229109,729.4634684305062,734.9002685546875,3089381,0.0,0.0
2021-09-15,736.6635025273292,744.5003482988966,731.2756710593767,739.7002563476562,3336656,0.0,0.0
2021-09-16,744.3533940001278,745.4799645118005,736.026745250653,741.5125732421875,2686018,0.0,0.0
2021-09-17,742.737105760487,750.378018798002,733.8716855121397,738.7697143554688,5504398,0.0,0.0
2021-09-20,734.1165465768994,741.0717232357259,717.2673163244999,722.9979858398438,2933375,0.0,0.0
2021-09-21,725.0062062238619,725.7899386719187,714.6713773118182,723.389892578125,2380834,0.0,0.0
2021-09-22,723.8307061472605,743.5207576308139,723.3898716056069,737.1533203125,2287017,0.0,0.0
2021-09-23,741.0717514542574,746.4595830907391,737.3982298839289,742.9819946289062,1890322,0.0,0.0
2021-09-24,744.0105643400744,766.1006619618105,737.2022924449807,763.5537109375,4967824,0.0,0.0
2021-09-27,773.3987388850716,797.1541782998441,767.0802698455385,794.8031005859375,9210666,0.0,0.0
2021-09-28,803.2767182810841,805.2359297890866,780.0110816235526,789.6112060546875,3853344,0.0,0.0
2021-09-29,783.6845754738323,799.0643972255839,782.70496975449,795.5377807617188,2291977,0.0,0.0
2021-09-30,791.570453307593,800.7298033953477,784.958114169491,786.6724243164062,3264689,0.0,0.0
2021-10-01,783.6846169578429,814.0523958649593,770.9497419322779,810.9666137695312,7704216,0.0,0.0
2021-10-04,815.5218084850874,834.6241211162695,811.2115191547152,823.9954223632812,6544700,0.0,0.0
2021-10-05,823.9954133382688,828.7464773834715,818.0197822961393,825.8566284179688,2647442,0.0,0.0
2021-10-06,828.7464433720911,837.464958240979,812.0931460466472,817.089111328125,3288323,0.0,0.0
2021-10-07,822.5749556243487,869.693968019194,820.0769729339224,860.3387451171875,9515673,0.0,0.0
2021-10-08,875.473705172628,876.7471807396463,854.7550188289365,859.89794921875,3938358,0.0,0.0
2021-10-11,861.0734681068129,884.0942036022738,861.0734681068129,877.3348999023438,5493159,0.0,0.0
2021-10-12,869.8899342937771,876.4043366593186,859.1142706932911,871.9470825195312,3433345,0.0,0.0
2021-10-13,874.7879506086027,951.3441652751089,874.7879506086027,916.2742309570312,17519612,0.0,0.0
2021-10-14,919.3599618035528,926.9519060805667,903.3924006370721,912.40478515625,3354982,0.0,0.0
2021-10-18,938.4623266792876,938.4623266792876,889.7759080030876,892.3718872070312,2885649,0.0,0.0
2021-10-19,892.420831714599,908.6822631293568,882.8207073929809,898.7882690429688,3476818,0.0,0.0
2021-10-20,894.3800654905514,906.0373980368694,876.404323577845,881.0084228515625,3551282,0.0,0.0
2021-10-21,889.7758929068253,892.518777055344,875.1798030709559,878.7063598632812,2614538,0.0,0.0
2021-10-22,885.5635763130929,891.2452775658735,867.0490041753474,869.742919921875,1999394,0.0,0.0
2021-10-25,864.9918748619651,887.424870391189,864.9918748619651,872.5348510742188,2833933,0.0,0.0
2021-10-26,875.1798246804283,881.6451988894611,865.9715064647595,876.3063354492188,3410657,0.0,0.0
2021-10-27,881.6451631530729,885.3676529949747,865.4816684952666,868.71435546875,3362019,0.0,0.0
2021-10-28,868.9103059747678,877.7267577828545,859.9959175071918,865.8245239257812,2171227,0.0,0.0
2021-10-29,865.4817263123542,883.1146307533529,844.4202015633836,866.2164306640625,2482056,0.0,0.0
2021-11-01,866.2163355531846,869.7919202550551,842.8527636503476,852.5997924804688,4146270,0.0,0.0
2021-11-02,857.1550365941717,861.3673293873564,841.4813444964497,843.9303588867188,3704926,0.0,0.0
2021-11-03,846.3793893551236,852.159087342108,825.8076680860755,831.685302734375,3288759,0.0,0.0
2021-11-04,838.2976540815204,857.1550655230269,835.603738161305,855.0488891601562,973315,0.0,0.0
2021-11-08,860.093836493101,860.3387379271821,836.8771685841274,841.9711303710938,4481883,0.0,0.0
2021-11-09,846.3793364788063,886.9350369345708,845.0078645637271,873.9552612304688,15376349,0.0,0.0
2021-11-10,887.424890878567,906.1353371677113,876.7471640703802,900.8944702148438,17083220,0.0,0.0
2021-11-11,900.208740348432,909.8578333316115,892.4208624665239,905.8904418945312,4935551,0.0,0.0
2021-11-12,914.9517654995162,920.3395970950702,906.1353137977007,918.6742553710938,6239600,0.0,0.0
2021-11-15,915.9313774603563,929.2050234323189,902.3148336012068,909.4660034179688,3757546,0.0,0.0
2021-11-16,909.4660054060355,946.2501894894751,906.6740931345091,940.7153930664062,7368780,0.0,0.0
2021-11-17,940.3725729579024,959.0340509597665,927.9315676931959,934.9847412109375,5416608,0.0,0.0
2021-11-18,935.5234635141329,935.5234635141329,899.4739849409854,904.86181640625,3463426,0.0,0.0
2021-11-22,907.5068197848046,911.2782781269534,875.4736987756631,882.4778442382812,3731367,0.0,0.0
2021-11-23,879.5389703177541,889.9717951344953,875.3756460147034,882.9675903320312,3195288,0.0,0.0
2021-11-24,889.1881703999297,889.1881703999297,871.8491362931011,874.98388671875,2708554,0.0,0.0
2021-11-25,872.730788435582,880.5676344521444,865.4816819541057,873.024658203125,2288825,0.0,0.0
2021-11-26,866.9510574899341,866.9510574899341,825.8076174734628,836.33837890625,3934155,0.0,0.0
2021-11-29,827.9627791635464,850.1018448579487,811.4563866548925,833.4485473632812,3936245,0.0,0.0
2021-11-30,833.4485888575354,843.2446466950485,811.6523601690687,818.4606323242188,6067618,0.0,0.0
2021-12-01,818.9504164495848,825.5137870083953,806.4604429929674,817.6769409179688,5121634,0.0,0.0
2021-12-02,818.7544808811125,842.4119838617177,818.0197765623408,832.2240600585938,4677008,0.0,0.0
2021-12-03,831.6363114526519,838.1506538005028,816.9422252374229,819.8810424804688,2933597,0.0,0.0
2021-12-06,820.9096004144288,823.4565513921606,803.3256656312449,805.3828735351562,1552749,0.0,0.0
2021-12-07,809.6441789369412,816.6483841953836,805.7257558083897,809.1054077148438,1976433,0.0,0.0
2021-12-08,817.4809798264198,826.4933644800075,810.0849685398127,823.603515625,2346456,0.0,0.0
2021-12-09,839.9139957107561,839.9139957107561,818.9504087010563,833.742431640625,4078098,0.0,0.0
2021-12-10,832.7628023942067,850.8855082955615,832.7628023942067,842.1670532226562,3434165,0.0,0.0
2021-12-13,851.2284229626496,851.2284229626496,822.5749549588706,825.9055786132812,2683048,0.0,0.0
2021-12-14,822.868863207874,824.7791064555422,809.1543821544094,819.7830810546875,1979863,0.0,0.0
2021-12-15,826.7872382428886,836.2894258063645,821.1055369523777,828.9423828125,3208613,0.0,0.0
2021-12-16,835.5057155715191,844.6650048421129,828.9423455010126,835.8975219726562,3965285,0.0,0.0
2021-12-17,830.7056591570362,834.8689835101227,813.0727560145519,817.5789184570312,2675800,0.0,0.0
2021-12-20,809.1543311013739,813.0727540122764,780.7457649973305,797.6929321289062,2907378,0.0,0.0
2021-12-21,805.6277938447317,810.1339563848883,791.0316442331285,795.6358032226562,1973119,0.0,0.0
2021-12-22,802.1012325641707,810.3299453591594,794.4603191347635,802.0032958984375,1979912,0.0,0.0
2021-12-23,808.0768161102109,816.7952715082847,805.9706398080476,809.9869995117188,1495208,0.0,0.0
2021-12-24,814.0524022832923,815.080976393081,791.521469368111,796.07666015625,1071730,0.0,0.0
2021-12-27,791.5214336636834,806.3624844610332,790.4928596002924,801.8562622070312,1492196,0.0,0.0
2021-12-28,807.1951207389192,822.8688124037525,802.3460604220336,821.5953369140625,1677680,0.0,0.0
2021-12-29,826.2484741169778,826.2484741169778,813.9054059074521,815.7177124023438,1575343,0.0,0.0
2021-12-30,825.8076344508539,825.8076344508539,810.2809074701578,812.3870239257812,1874659,0.0,0.0
2021-12-31,817.7749168433546,827.7669080464916,813.2687540411524,820.0770263671875,1528983,0.0,0.0
2022-01-03,817.9708542781577,822.8688833456916,809.44827174257,812.8768920898438,1537088,0.0,0.0
2022-01-04,820.8606406455193,824.8280319289047,808.8115020184125,814.885009765625,1886453,0.0,0.0
2022-01-05,813.072773681786,829.7260714559912,813.072773681786,822.3790283203125,2634010,0.0,0.0
2022-01-06,821.8892218240824,825.0729405021852,810.623755732334,822.7218627929688,2962301,0.0,0.0
2022-01-07,823.848408256135,832.4199582825812,805.7257024859347,812.0931396484375,2531717,0.0,0.0
2022-01-10,818.9014183800098,829.4811482597894,812.7788825942126,824.779052734375,3403434,0.0,0.0
2022-01-11,824.8280349393254,831.4403736992309,818.5095659440044,824.2402954101562,2117911,0.0,0.0
2022-01-12,829.530104128289,866.1673816363549,825.3178115290078,862.591796875,9022415,0.0,0.0
2022-01-13,862.5918249201537,890.9514231341226,850.2977848052979,877.7267456054688,5658001,0.0,0.0
2022-01-14,871.6532236081842,877.677823157891,861.7102606725776,863.2286376953125,2027852,0.0,0.0
2022-01-17,866.1674616540445,885.5636445658823,864.6490846197812,882.4288940429688,3617269,0.0,0.0
2022-01-18,883.6043535924574,891.5391359557912,870.1837433591951,873.9552612304688,3468168,0.0,0.0
2022-01-19,890.4126758109225,890.4126758109225,862.8367494936905,876.159423828125,4215758,0.0,0.0
2022-01-20,877.7267355195911,879.2940807740063,855.0488389167408,862.5428466796875,2486026,0.0,0.0
2022-01-21,857.9386916739114,866.8531397461937,847.5548947879444,857.3509521484375,1872843,0.0,0.0
2022-01-24,853.4325377759059,860.4366829847729,830.7546408424374,837.26904296875,3386669,0.0,0.0
2022-01-25,828.8444078347535,840.7466417092758,828.0117668567029,837.0731201171875,4742388,0.0,0.0
2022-01-27,828.3545562529425,845.2527545830241,824.0443270458786,840.5506591796875,2927566,0.0,0.0
2022-01-28,846.7711935943757,877.7267098932044,842.8527707823525,851.9141235351562,4208702,0.0,0.0
2022-01-31,860.9754975673718,870.7225267208722,854.3141307899838,867.7347412109375,2335040,0.0,0.0
2022-02-01,873.8083310846636,876.4532785740518,846.5753031277711,851.963134765625,2921070,0.0,0.0
2022-02-02,857.8407716767694,862.3469342339557,847.505942918812,851.6202392578125,1341479,0.0,0.0
2022-02-03,850.2978003748366,864.4041472465201,834.7710729823049,838.7384643554688,2630289,0.0,0.0
2022-02-04,843.8324251067515,843.8324251067515,819.0973796806283,824.5341796875,2080640,0.0,0.0
2022-02-07,823.848412585589,827.4729657167543,805.4318369614919,812.5829467773438,1801701,0.0,0.0
2022-02-08,813.0727528363321,820.6157288869879,800.484843169419,815.0809326171875,2729631,0.0,0.0
2022-02-09,820.9096137052909,828.697491330382,816.1585497616966,823.0647583007812,2165223,0.0,0.0
2022-02-10,826.7872291026047,840.256807775781,813.2197137734152,835.6526489257812,6949276,0.0,0.0
2022-02-11,835.6037108573149,844.3711943419733,818.558546766578,836.240478515625,5146850,0.0,0.0
2022-02-14,824.583183732283,828.1587688253014,764.7782614856027,808.2237548828125,4202165,0.0,0.0
2022-02-15,811.1135915283829,840.5017651344837,803.6686114643276,837.1710815429688,2728328,0.0,0.0
2022-02-16,837.1710481952304,860.583649484967,837.1710481952304,846.624267578125,4401342,0.0,0.0
2022-02-17,854.2162566368876,859.4081554129551,841.4813812512459,844.6651000976562,2041741,0.0,0.0
2022-02-18,839.7180462420695,852.0120862325032,829.8730205840085,834.6240844726562,1616856,0.0,0.0
2022-02-21,827.9627694381319,833.1546678144654,815.0319619302,823.9463500976562,2255753,0.0,0.0
2022-02-22,810.1339810558892,838.5425487108116,806.558396038337,835.8486328125,2768989,0.0,0.0
2022-02-23,838.5425048532747,851.9631153119248,828.4525777926741,832.958740234375,2265060,0.0,0.0
2022-02-24,801.415447943975,814.9340552576098,774.3783528974865,779.5702514648438,5677898,0.0,0.0
2022-02-25,796.1256028223936,808.1747415566142,785.6438093677631,791.1295776367188,3470318,0.0,0.0
2022-02-28,790.5418483469455,790.5418483469455,770.7048317062694,774.72119140625,5026913,0.0,0.0
2022-03-02,769.4803404998837,794.215386454845,753.3168451233744,762.4761352539062,5779175,0.0,0.0
2022-03-03,775.8477488995771,776.9743194208271,744.5493334347549,746.508544921875,2763929,0.0,0.0
2022-03-04,734.7043295455086,740.5819641818726,715.1122140909616,717.3652954101562,4829850,0.0,0.0
2022-03-07,705.1691722352219,705.1691722352219,667.8462172344264,676.4667358398438,7008637,0.0,0.0
2022-03-08,676.4667250589396,688.7117966869357,657.4624097665229,686.3607788085938,4000294,0.0,0.0
2022-03-09,690.6220727252371,724.8103382557352,685.7240438406609,719.86328125,5490287,0.0,0.0
2022-03-10,746.4106057194314,746.949376918475,720.0102190623988,723.7816772460938,4064470,0.0,0.0
2022-03-11,719.030597402783,726.6715100492581,713.8386990526388,719.8142700195312,2364792,0.0,0.0
2022-03-14,719.8142569476071,730.785852754002,710.6549675618184,728.04296875,3563695,0.0,0.0
2022-03-15,729.8062783300903,753.5127492621122,729.8062783300903,745.6759033203125,4811450,0.0,0.0
2022-03-16,753.1698538644288,760.1740588641916,749.3983956586425,757.8720092773438,2277631,0.0,0.0
2022-03-17,768.9904740135762,783.5866228504982,761.1536284185333,778.1987915039062,3787641,0.0,0.0
2022-03-21,773.4966894244228,774.9660980743859,764.1904346413231,767.5211181640625,3008019,0.0,0.0
2022-03-22,767.0312960570324,772.9578988386033,753.3168156677624,769.5782470703125,5436875,0.0,0.0
2022-03-23,773.8885608870054,778.0029170928374,756.3535936292318,758.3128051757812,3277274,0.0,0.0
2022-03-24,757.9210321495426,764.0925368351321,747.0963998357904,750.0352172851562,2248114,0.0,0.0
2022-03-25,757.2351892277399,757.2351892277399,742.7370371488564,749.1534423828125,3148869,0.0,0.0
2022-03-28,749.3004455407468,756.9413582638977,735.9777717607815,753.5617065429688,4719388,0.0,0.0
2022-03-29,755.2760144258749,767.0312831328923,754.9821446662771,757.5780639648438,3519610,0.0,0.0
2022-03-30,763.4067777041575,778.7866005151772,760.0761539032336,777.1702270507812,4407033,0.0,0.0
2022-03-31,781.7253958998874,796.419482288983,781.7253958998874,790.1010131835938,7059986,0.0,0.0
2022-04-01,794.4602578828617,812.5829641354301,791.2275708877788,809.693115234375,3406177,0.0,0.0
2022-04-04,801.3175044096198,818.9504079296358,793.4806584007238,816.6973266601562,4163250,0.0,0.0
2022-04-05,819.9300313329128,834.6241179159399,816.6973442427252,819.4891967773438,2669967,0.0,0.0
2022-04-06,821.5953722612568,821.5953722612568,806.1665813648992,810.9666137695312,2049292,0.0,0.0
2022-04-07,809.1543791499865,823.1627299302189,805.5298257840933,817.2850952148438,2913537,0.0,0.0
2022-04-08,813.0727797590513,843.0977201807677,810.182930812673,839.9140014648438,4145522,0.0,0.0
2022-04-11,837.5139071102396,843.7833477305087,828.9423572154137,839.3751220703125,2922901,0.0,0.0
2022-04-12,832.6648986230007,849.7100628168513,826.1015280522471,843.24462890625,2961076,0.0,0.0
2022-04-13,844.909966623402,857.1550386034513,844.7630018434852,848.4365234375,3695363,0.0,0.0
2022-04-18,848.4365303339114,858.1346513370966,840.599684202979,856.2733764648438,3076843,0.0,0.0
2022-04-19,860.1917617871375,869.6939492620378,847.4568873831485,854.7059936523438,3301212,0.0,0.0
2022-04-20,855.6366143205277,871.7511401132405,855.6366143205277,863.2775268554688,2208791,0.0,0.0
2022-04-21,863.2775663675252,895.3596546495523,862.7877634929904,892.4208374023438,3206906,0.0,0.0
2022-04-22,885.3676912200721,908.1435255848563,870.9185059778972,901.8740844726562,4924905,0.0,0.0
2022-04-25,895.7024942364017,909.0741366496129,876.8450835354264,885.5635986328125,5476626,0.0,0.0
2022-04-26,888.1104994495035,923.6702340214703,888.1104994495035,920.976318359375,6384561,0.0,0.0
2022-04-27,911.0333528475501,921.5151463921537,904.1271442275903,907.9475708007812,3154605,0.0,0.0
2022-04-28,925.7273870671077,925.7273870671077,899.7678360012047,904.078125,2869224,0.0,0.0
2022-04-29,909.9558004923966,920.0946960375004,899.2780739552039,903.29443359375,3467791,0.0,0.0
2022-05-02,896.3392806867365,914.6579205670464,891.1473820572304,902.5597534179688,2740823,0.0,0.0
2022-05-04,899.1801606605204,905.106763613983,872.87770984829,877.82470703125,2408261,0.0,0.0
2022-05-05,891.4412335069129,902.2168967690844,877.3839148946907,880.7145385742188,2690817,0.0,0.0
2022-05-06,871.8490863470118,896.143296120851,869.2041389584433,875.6205444335938,4247088,0.0,0.0
2022-05-09,862.0530596147757,883.5064494463448,857.1550308669645,877.041015625,1790691,0.0,0.0
2022-05-10,877.0409988380032,892.3718524413682,866.0694026948298,870.2327270507812,2436623,0.0,0.0
2022-05-11,870.4776665418476,880.0778509558493,858.6244605969397,868.9592895507812,3048794,0.0,0.0
2022-05-12,866.8531588905811,870.8695185809286,836.2894472927674,847.6038818359375,4908042,0.0,0.0
2022-05-13,861.8571262389648,886.5432030783402,852.3549385130858,871.3593139648438,4956950,0.0,0.0
2022-05-16,876.7471348575987,890.3636785218221,874.4940536199531,884.9268188476562,2856221,0.0,0.0
2022-05-17,888.5023638390953,898.2984207722716,879.8328773693888,892.224853515625,3469290,0.0,0.0
2022-05-18,891.4412630675416,903.9312368083231,886.7391672643846,894.6739501953125,3203522,0.0,0.0
2022-05-19,882.6247630742521,894.380031838837,862.2000075119413,864.551025390625,2658159,0.0,0.0
2022-05-20,878.6084318973507,892.7636873266372,870.5266843604514,885.36767578125,3426756,0.0,0.0
2022-05-23,892.4208324342328,924.209050772652,891.6861281265208,922.690673828125,6613972,0.0,0.0
2022-05-24,929.6458491129162,940.8133784873304,923.8661513192407,927.5396728515625,4546511,0.0,0.0
2022-05-25,934.3479536266149,934.3479536266149,904.5189465416195,909.4660034179688,1363358,0.0,0.0
2022-05-26,911.1312721067849,914.461955528884,896.1433162881171,910.83740234375,2384886,0.0,0.0
2022-05-27,920.8293876293966,938.462290796768,904.1760901935459,933.4172973632812,3269005,0.0,0.0
2022-05-30,952.42169363805,991.11612089308,937.5316742299351,977.9893798828125,11690785,0.0,0.0
2022-05-31,977.597574407958,1021.728801678666,971.7689082121157,1013.2551879882812,13301109,0.0,0.0
2022-06-01,1013.8920045720861,1035.6882336558822,994.1039554233251,1025.9901123046875,7889745,0.0,0.0
2022-06-02,1023.6390000607809,1036.3738750525126,1013.891970495576,1023.2472534179688,4081658,0.0,0.0
2022-06-03,1028.6840049226498,1035.0025339475796,1004.7815999916689,1007.6715087890625,2660682,0.0,0.0
2022-06-06,1007.0346920321235,1027.2145461858725,997.2386347166359,1014.822509765625,3443406,0.0,0.0
2022-06-07,1013.6961409033863,1023.6880723417758,997.3366521136626,1021.2880859375,2162861,0.0,0.0
2022-06-08,1035.3942289273705,1035.3942289273705,1013.1572266793137,1023.68798828125,4293398,0.0,0.0
2022-06-09,1014.8715612607617,1027.9003656227728,1010.9531382443109,1023.7859497070312,2757706,0.0,0.0
2022-06-10,1011.9327689362676,1022.2186296079335,1005.6632680392861,1015.3613891601562,2425545,0.0,0.0
2022-06-13,1002.773461556221,1008.0143284634656,978.1853210712645,983.8180541992188,4047155,0.0,0.0
2022-06-14,979.6057245676968,1004.0958676818892,978.6750871712798,998.463134765625,3614327,0.0,0.0
2022-06-15,1003.7530523907377,1018.1043004977419,999.1978617518894,1004.585693359375,3333753,0.0,0.0
2022-06-16,1016.5368152405605,1016.5368152405605,976.666909977501,984.7486572265625,3255301,0.0,0.0
2022-06-17,979.6057605586566,987.393638313176,963.0994274093995,977.3037109375,5318310,0.0,0.0
2022-06-20,984.5037653045171,987.4425825143813,959.1319528098669,962.6585693359375,3722583,0.0,0.0
2022-06-21,962.658547042176,984.2588410763691,961.7768779834793,977.5975341796875,6263423,0.0,0.0
2022-06-22,974.8547063884762,983.4752252104375,952.8135765531476,963.7361450195312,2629024,0.0,0.0
2022-06-23,965.8912716574742,1010.5612700410959,965.1075990138017,1006.7407836914062,7303072,0.0,0.0
2022-06-24,1015.7532350353316,1052.5863876435085,1010.561276682302,1050.1864013671875,7273273,0.0,0.0
2022-06-27,1067.5743145253427,1072.6682162129496,1050.186313760247,1060.6190185546875,6316257,0.0,0.0
2022-06-28,1059.9333623433286,1098.5787591916517,1057.4353199879365,1089.321533203125,11020641,0.0,0.0
2022-06-29,1083.443927261356,1092.7011534910887,1068.455911900023,1089.07666015625,5052023,0.0,0.0
2022-06-30,1086.6767363171239,1094.7094558566446,1065.8601135547492,1070.8560791015625,4165189,0.0,0.0
2022-07-01,1070.1212999116974,1090.6439916730405,1042.300473873359,1084.766357421875,2839545,0.0,0.0
2022-07-04,1078.5458622838291,1079.5254679716436,1057.3864033431892,1068.9456787109375,2784613,0.0,0.0
2022-07-05,1068.7498793343452,1079.5255426456906,1056.0150045118462,1059.8843994140625,3675577,0.0,0.0
2022-07-06,1060.6190786524419,1089.3215744444865,1058.561930530528,1082.0235595703125,4957228,0.0,0.0
2022-07-07,1096.1788456562983,1115.721932739842,1091.8685563952915,1110.187255859375,4917004,0.0,0.0
2022-07-08,1160.783811572103,1170.5309607509064,1103.183063933274,1110.4810791015625,10482265,0.0,0.0
2022-07-11,1105.9258112857412,1144.0815251907657,1099.7543671013093,1141.2896728515625,4520273,0.0,0.0
2022-07-12,1140.261027447376,1140.7018021772242,1118.709702186343,1123.264892578125,2452632,0.0,0.0
2022-07-13,1129.6812936555277,1132.9140404359055,1114.8892708699263,1117.0933837890625,3379695,0.0,0.0
2022-07-14,1123.031239799111,1139.4095302165322,1119.468478113939,1130.7998046875,2423203,11.55,0.0
2022-07-15,1131.146149241238,1163.7049733233987,1128.5731375420653,1160.3402099609375,3879759,0.0,0.0
2022-07-18,1167.2676001222592,1167.2676001222592,1147.2276095309273,1151.3345947265625,3480683,0.0,0.0
2022-07-19,1149.8501851135989,1177.16392671768,1148.9594946777859,1173.9476318359375,4056414,0.0,0.0
2022-07-20,1182.6068716059945,1182.6068716059945,1150.4439232150364,1153.561279296875,3028752,0.0,0.0
2022-07-21,1154.9962052413568,1167.7624459726042,1152.7201305835085,1162.9627685546875,2062279,0.0,0.0
2022-07-22,1167.7625062128116,1173.6013429047457,1158.1631508817857,1168.85107421875,1983433,0.0,0.0
2022-07-25,1172.7106122666992,1172.7106122666992,1120.2602642075135,1124.0703125,4380502,0.0,0.0
2022-07-26,1122.239491637324,1134.1150418133802,1113.481297543351,1124.21875,2598868,0.0,0.0
2022-07-27,1128.177316759114,1138.3705461006948,1115.1142593078534,1126.2969970703125,1647876,0.0,0.0
2022-07-28,1130.2554876777149,1140.0528409404158,1123.5754905628296,1137.232421875,1929675,0.0,0.0
2022-07-29,1146.7823489695716,1171.9188336485463,1141.28985866596,1152.3736572265625,2230572,0.0,0.0
2022-08-01,1177.0650253127835,1235.7499659193859,1171.9684106391069,1224.91357421875,12673841,0.0,0.0
2022-08-02,1224.864048789986,1246.6854216179177,1213.48331265297,1241.4898681640625,5626351,0.0,0.0
2022-08-03,1246.883302818586,1246.883302818586,1218.233584867448,1240.6981201171875,3820503,0.0,0.0
2022-08-04,1251.7820599062452,1251.8809986701708,1226.2001680073336,1248.7142333984375,3075648,0.0,0.0
2022-08-05,1264.94400673366,1265.240943818125,1218.4809636887496,1223.082763671875,5766297,0.0,0.0
2022-08-08,1232.08839633049,1266.7254195205037,1229.762791791459,1263.4595947265625,5412651,0.0,0.0
2022-08-10,1263.756547494933,1266.4284981381388,1247.1802576198038,1254.8994140625,2530492,0.0,0.0
2022-08-11,1263.7565254403141,1265.6862541151356,1240.9950531731824,1253.0684814453125,3077633,0.0,0.0
2022-08-12,1251.8809180284904,1255.740496007787,1236.3437881580958,1246.388427734375,3355489,0.0,0.0
2022-08-16,1267.319113825482,1285.2313779650603,1261.430868479393,1274.9393310546875,4085782,0.0,0.0
2022-08-17,1280.5802112839046,1280.5802112839046,1256.8786397754666,1261.0350341796875,2197165,0.0,0.0
2022-08-18,1260.7876342480613,1265.092497221398,1241.6877418596125,1248.0709228515625,2659857,0.0,0.0
2022-08-19,1256.8291394850767,1259.451681141723,1222.686930577805,1226.5465087890625,2513148,0.0,0.0
2022-08-22,1226.546513338138,1234.4635473170135,1206.407582315244,1213.9781494140625,2443323,0.0,0.0
2022-08-23,1207.298153914569,1263.7565508879607,1205.3684252008895,1259.89697265625,4449168,0.0,0.0
2022-08-24,1261.72766587301,1270.1890436244228,1247.9223872305392,1255.146728515625,2570071,0.0,0.0
2022-08-25,1260.7875804107218,1264.20175277377,1243.6669472058559,1246.58642578125,1769049,0.0,0.0
2022-08-26,1266.6264616030558,1285.528355525744,1255.641601432643,1261.430908203125,4325600,0.0,0.0
2022-08-29,1236.0468540412749,1267.5171104963292,1229.267918274055,1263.55859375,2554692,0.0,0.0
2022-08-30,1270.683892631848,1301.3623978277883,1270.683892631848,1295.127685546875,5078317,0.0,0.0
2022-09-01,1266.7253301308465,1311.951334611438,1266.7253301308465,1298.4429931640625,4913035,0.0,0.0
2022-09-02,1304.9745615422426,1316.8501118767335,1297.6017515603057,1302.302490234375,2316436,0.0,0.0
2022-09-05,1305.3208848518934,1310.714315546413,1287.6064984174473,1306.8548583984375,2271837,0.0,0.0
2022-09-06,1311.2586407680262,1313.2378990937138,1287.1116650337694,1292.8515625,1930221,0.0,0.0
2022-09-07,1277.6112732889096,1298.3439563191496,1267.9128589886816,1276.32470703125,3162428,0.0,0.0
2022-09-08,1291.466159633318,1318.1366193591778,1288.497271910023,1308.19091796875,4026323,0.0,0.0
2022-09-09,1324.1238782195605,1324.1238782195605,1280.6297229181678,1287.7550048828125,3415016,0.0,0.0
2022-09-12,1294.4350244893526,1301.9561824279624,1281.5698445823484,1283.5986328125,3077887,0.0,0.0
2022-09-13,1296.3647377145478,1296.3647377145478,1277.6113124721144,1286.3695068359375,2460291,0.0,0.0
2022-09-14,1270.6343881959642,1300.2243260231598,1266.7254011002456,1284.5882568359375,2955136,0.0,0.0
2022-09-15,1291.4661368185054,1300.620207136951,1275.6815990235743,1283.5986328125,2555055,0.0,0.0
2022-09-16,1277.8587657393418,1283.5491339120435,1221.6973059478935,1237.135498046875,9047956,0.0,0.0
2022-09-19,1246.8338061068148,1284.9839378420181,1237.1353919917055,1275.28564453125,4476773,0.0,0.0
2022-09-20,1286.5180199753302,1298.3935709289485,1283.1038473979054,1289.4373779296875,3780649,0.0,0.0
2022-09-21,1295.375073666828,1309.2794120408514,1280.1842898346304,1293.0989990234375,2887754,0.0,0.0
2022-09-22,1283.5491246830284,1306.8549416140866,1279.5906077217855,1296.8101806640625,2010645,0.0,0.0
2022-09-23,1291.4661749250338,1304.4302939760544,1247.9224878011246,1259.1053466796875,4639618,0.0,0.0
2022-09-26,1237.0365704443136,1245.8937039669538,1203.6861128268758,1223.57763671875,3345338,0.0,0.0
2022-09-27,1229.7132622653262,1239.906491699403,1208.5351724924165,1222.934326171875,3588217,0.0,0.0
2022-09-28,1220.311780688556,1248.6646823199765,1198.6884061502449,1229.515380859375,3361451,0.0,0.0
2022-09-29,1241.9846929732958,1254.80034327626,1232.7810927434666,1245.2999267578125,3474302,0.0,0.0
2022-09-30,1243.9144007582286,1269.3973531937345,1220.2623590246744,1255.0477294921875,3320684,0.0,0.0
2022-10-03,1256.7795149068038,1262.8657584572982,1229.1689577339253,1238.3724365234375,3150821,0.0,0.0
2022-10-04,1251.8809748811284,1264.6966250769465,1241.984682589578,1247.2791748046875,3011962,0.0,0.0
2022-10-06,1254.849850410697,1263.756513386798,1241.489855946545,1243.864990234375,3531469,0.0,0.0
2022-10-07,1246.9327563375614,1248.8624849006326,1220.1632389214349,1226.0020751953125,3501889,0.0,0.0
2022-10-10,1221.202467804078,1233.6223629418153,1205.3684001502163,1230.109130859375,2230590,0.0,0.0
2022-10-11,1236.2942301464368,1236.2942301464368,1212.7905375581015,1216.798583984375,1569478,0.0,0.0
2022-10-12,1222.8354156246744,1246.289580694826,1217.3429249263509,1234.9583740234375,2884899,0.0,0.0
2022-10-13,1241.9846538775466,1260.9360773386193,1227.6350303865313,1235.255126953125,2137351,0.0,0.0
2022-10-14,1254.6024600049332,1258.8083842447447,1215.2646979972849,1217.5408935546875,1696759,0.0,0.0
2022-10-17,1214.275008931974,1225.9031518455442,1184.0913188158981,1217.243896484375,2158727,0.0,0.0
2022-10-18,1223.3301398832868,1254.2065221003506,1220.7075983849877,1240.797119140625,2722206,0.0,0.0
2022-10-19,1246.883269847328,1251.683068140172,1231.0987323324885,1235.453125,1449579,0.0,0.0
2022-10-20,1228.3277137485743,1240.9950158203126,1210.8608550258398,1237.0364990234375,1831346,0.0,0.0
2022-10-21,1240.104381831925,1255.7405722131068,1231.2472484174627,1243.716552734375,1750934,0.0,0.0
2022-10-24,1247.922402964687,1264.7460991188502,1247.922402964687,1257.7691650390625,318933,0.0,0.0
2022-10-25,1257.7691425571134,1270.5353829832454,1246.536875662885,1268.11083984375,2809493,0.0,0.0
2022-10-27,1269.9911851673517,1286.369475744665,1265.7852611187318,1280.7286376953125,3279938,0.0,0.0
2022-10-28,1287.1611983196915,1302.2530430941674,1276.6216235458287,1298.047119140625,2111224,0.0,0.0
2022-10-31,1304.5786700680892,1344.4112446709646,1302.9457577557982,1334.6138916015625,4306893,0.0,0.0
2022-11-01,1346.8853208031678,1352.3778111017293,1335.3561166368934,1340.0074462890625,3405472,0.0,0.0
2022-11-02,1340.0075154261212,1346.8853902950873,1324.7176712461865,1338.3250732421875,2298917,0.0,0.0
2022-11-03,1326.1031736361037,1340.9476121469556,1314.7719672278934,1321.5509033203125,1931917,0.0,0.0
2022-11-04,1324.1238392922457,1337.9786477751243,1317.1964350508065,1324.4207763671875,2204968,0.0,0.0
2022-11-07,1331.0512983464093,1341.541343897415,1322.738388753488,1337.2860107421875,2599224,0.0,0.0
2022-11-09,1350.6953936279656,1350.6953936279656,1317.1964692654426,1323.6785888671875,2459869,0.0,0.0
2022-11-10,1325.1134917319973,1325.1134917319973,1277.215414546611,1284.736572265625,2792546,0.0,0.0
2022-11-11,1291.565034442082,1305.073497075045,1265.290451874571,1273.751708984375,5308986,0.0,0.0
2022-11-14,1290.4765453381156,1296.1173837559663,1254.899422030328,1264.8946533203125,3794391,0.0,0.0
2022-11-15,1271.22820313113,1282.856345919663,1262.0246034959155,1278.303955078125,3192070,0.0,0.0
2022-11-16,1275.5825006463235,1281.5698055887656,1262.7668509121738,1273.3558349609375,2478281,0.0,0.0
2022-11-17,1266.9232961344494,1271.6735647759751,1241.1435270898887,1246.28955078125,2319979,0.0,0.0
2022-11-18,1237.0859941012914,1242.9247095694127,1204.626108955772,1214.4234619140625,4525364,0.0,0.0
2022-11-21,1205.3684374118227,1222.093196049097,1189.534369268482,1205.6158447265625,4120736,0.0,0.0
2022-11-22,1207.9909255425214,1222.637365443027,1203.3395957490588,1215.7099609375,2469455,0.0,0.0
2022-11-23,1221.7961976556262,1227.4865656091697,1211.3061521977893,1222.884765625,2396267,0.0,0.0
2022-11-24,1229.0205366351981,1243.963913503689,1225.8042417116603,1241.0445556640625,2133523,0.0,0.0
2022-11-25,1244.9535991473667,1254.5529545710388,1233.0780481221136,1247.724609375,1370326,0.0,0.0
2022-11-28,1245.844280336172,1258.8083992811057,1233.0780389184415,1237.729248046875,2126619,0.0,0.0
2022-11-29,1242.974298231636,1251.8809611966717,1235.6016088767624,1244.0628662109375,2435651,0.0,0.0
2022-11-30,1249.010945749304,1302.3519819362862,1244.607144284098,1292.059814453125,7536690,0.0,0.0
2022-12-01,1301.3624470575621,1303.292175748569,1274.6424576502966,1280.035888671875,2613761,0.0,0.0
2022-12-02,1273.1084820630633,1280.3823535896156,1246.9328370981011,1251.485107421875,2892150,0.0,0.0
2022-12-05,1256.2848110309394,1256.2848110309394,1239.6095822239163,1246.7349853515625,2764806,0.0,0.0
2022-12-06,1235.5520191253308,1252.3261852402575,1235.5520191253308,1249.951171875,1686075,0.0,0.0
2022-12-07,1248.912085182836,1255.7405510138815,1239.4116687591138,1253.46435546875,1731982,0.0,0.0
2022-12-08,1259.748406131193,1268.7045984592137,1256.3342338096504,1261.1339111328125,1906386,0.0,0.0
2022-12-09,1268.209861957522,1271.3272182020175,1243.4691311350966,1252.27685546875,1308941,0.0,0.0
2022-12-12,1250.7924186588984,1264.0534746152218,1243.469138133375,1250.891357421875,1723401,0.0,0.0
2022-12-13,1254.8498648794284,1272.613661253734,1253.860235648451,1270.0406494140625,2164600,0.0,0.0
2022-12-14,1273.65274280317,1277.6112594863189,1263.2121067296277,1273.1083984375,1436837,0.0,0.0
2022-12-15,1272.5642332899592,1280.0853911723134,1268.4572478818034,1273.603271484375,2417555,0.0,0.0
2022-12-16,1264.696578105744,1273.6527706187012,1237.0364904999042,1238.619873046875,2136354,0.0,0.0
2022-12-19,1237.927251992504,1281.4709389575626,1232.1379450455197,1277.2650146484375,2767603,0.0,0.0
2022-12-20,1274.5929009295567,1274.6424307121154,1250.0006390631002,1262.024658203125,1286604,0.0,0.0
2022-12-21,1266.626415277367,1271.1786853575607,1245.4483266037291,1252.5736083984375,1251993,0.0,0.0
2022-12-22,1252.5736825159552,1264.399824433274,1216.5512747725415,1221.1529541015625,1557590,0.0,0.0
2022-12-23,1207.3476321538753,1217.2439242207104,1195.472081673673,1211.89990234375,1913648,0.0,0.0
2022-12-26,1211.8998694241766,1234.4634630453904,1203.6860197144292,1224.2208251953125,1677560,0.0,0.0
2022-12-27,1230.3564918213633,1235.5520450745803,1211.2566001116083,1221.4498291015625,1304940,0.0,0.0
2022-12-28,1217.0954043358124,1241.984601994824,1212.2957270467405,1239.362060546875,1959508,0.0,0.0
2022-12-29,1234.7603306043998,1254.4539762613263,1225.705319876576,1249.2584228515625,1289676,0.0,0.0
2022-12-30,1252.227286751799,1252.227286751799,1232.0883566493633,1236.2447509765625,1372710,0.0,0.0
2023-01-02,1238.0260923183519,1257.8186757287174,1229.7131831251302,1249.753173828125,1718385,0.0,0.0
2023-01-03,1249.9017444924727,1251.881002995232,1233.770739373244,1236.3438720703125,1510751,0.0,0.0
2023-01-04,1239.3621753266355,1242.7764687444744,1218.2336148593604,1223.379638671875,1344532,0.0,0.0
2023-01-05,1227.1402239139697,1241.9846621064776,1218.2335609984652,1239.6590576171875,2745160,0.0,0.0
2023-01-06,1239.6590248847594,1261.7276832656366,1235.2056935445946,1251.781982421875,2214972,0.0,0.0
2023-01-09,1259.7484632467372,1300.2738521586864,1258.462017747462,1296.7606201171875,3634805,0.0,0.0
2023-01-10,1296.9090351989353,1312.644163258822,1292.2082966127507,1301.263427734375,3139930,0.0,0.0
2023-01-11,1301.8572536187953,1306.3105851591104,1287.012815151078,1298.9873046875,2041750,0.0,0.0
2023-01-12,1302.3520916898872,1313.2380134289365,1296.4143161958605,1306.211669921875,2448619,0.0,0.0
2023-01-13,1311.2587423674463,1323.1342932417174,1297.9976863969732,1314.3760986328125,2600139,0.0,0.0
2023-01-16,1319.1757493346026,1321.4024150780406,1289.4373429727248,1301.9561767578125,1651972,0.0,0.0
2023-01-17,1305.2714137162272,1310.1206210637122,1290.5754439339878,1307.1517333984375,1607137,0.0,0.0
2023-01-18,1306.6568515925785,1311.2586513979757,1294.5338942494652,1308.438232421875,1179938,0.0,0.0
2023-01-19,1303.9353849890529,1314.920244739511,1298.6904228112955,1305.865234375,2066881,0.0,0.0
2023-01-20,1310.3185901128195,1311.258689530745,1298.047163876342,1301.114990234375,1332666,0.0,0.0
2023-01-23,1307.6465084613883,1331.9913624194944,1298.6904367579496,1314.6728515625,1681075,0.0,0.0
2023-01-24,1321.253965105905,1321.253965105905,1307.349746861829,1310.170166015625,1408040,0.0,0.0
2023-01-25,1311.1597369368233,1318.1860800193006,1292.5052508812028,1297.898681640625,1359090,0.0,0.0
2023-01-27,1304.4302256903109,1325.9052518348337,1273.306435640287,1306.5084228515625,1914769,0.0,0.0
2023-01-30,1306.4095468448447,1328.0824515488748,1291.4661693526689,1317.790283203125,2402331,0.0,0.0
2023-01-31,1336.2963908162856,1371.1312912139476,1321.4519524415405,1364.4512939453125,5265862,0.0,0.0
2023-02-01,1372.170405388562,1375.5845777814616,1308.2897926813612,1338.0281982421875,3010838,0.0,0.0
2023-02-02,1334.069648996391,1363.906871784942,1316.7016087664608,1338.37451171875,2029111,0.0,0.0
2023-02-03,1345.1039770435575,1377.5143337465543,1336.5437810005947,1373.6053466796875,1803085,0.0,0.0
2023-02-06,1377.464864273599,1377.464864273599,1345.8956696266353,1361.729736328125,1504382,0.0,0.0
2023-02-07,1368.5583114197375,1370.6365086799703,1346.8854067245052,1352.5262451171875,1413825,0.0,0.0
2023-02-08,1359.305239405934,1365.6882994402752,1345.895715390416,1358.8104248046875,1241238,0.0,0.0
2023-02-09,1357.7712386961302,1371.626047254254,1348.8645760516222,1357.9691162109375,1866387,0.0,0.0
2023-02-10,1364.2534241343574,1372.566213027729,1336.7912129858316,1351.2891845703125,3282665,0.0,0.0
2023-02-13,1360.7401033727135,1369.6467658675167,1311.308174848292,1338.96826171875,4401219,0.0,0.0
2023-02-14,1343.916447007569,1362.7194017153333,1335.9994134464052,1349.0130615234375,2373179,0.0,0.0
2023-02-15,1350.0521370630097,1368.8056833126918,1345.9452724329608,1365.0450439453125,2007214,0.0,0.0
2023-02-16,1365.787201975017,1382.511959214428,1349.062444735606,1353.961181640625,2646301,0.0,0.0
2023-02-17,1345.8461341806149,1358.3155582990169,1318.4829844207716,1327.5875244140625,2150027,0.0,0.0
2023-02-20,1328.1813446769033,1340.8980559229076,1318.7798671387475,1332.288330078125,1497314,0.0,0.0
2023-02-21,1340.4527417172378,1348.2708365016329,1327.0927476137438,1337.8302001953125,2118816,0.0,0.0
2023-02-22,1332.931566750389,1338.8198120498616,1297.5523235641278,1306.0631103515625,2196484,0.0,0.0
2023-02-23,1311.506100496494,1312.495729698906,1291.466109147651,1300.3232421875,1847879,0.0,0.0
2023-02-24,1306.5083846565863,1306.8548515102875,1264.94395942928,1266.9232177734375,2824384,0.0,0.0
2023-02-27,1256.8785743591475,1272.0693579418123,1235.4530786902992,1244.3597412109375,2019964,0.0,0.0
2023-02-28,1250.5943910081319,1279.8379826409396,1246.932811233392,1256.4332275390625,3407211,0.0,0.0
2023-03-01,1262.7173055155827,1292.0104259245534,1255.8889608083168,1258.956787109375,2338935,0.0,0.0
2023-03-02,1265.2904221287095,1265.2904221287095,1237.03646103689,1238.5704345703125,1563750,0.0,0.0
2023-03-03,1244.8546191902426,1263.7069833363876,1240.2528191593622,1255.443603515625,1493291,0.0,0.0
2023-03-06,1256.3838443939285,1270.9313458356962,1254.8498707569888,1257.2744140625,1570410,0.0,0.0
2023-03-08,1256.8290892538944,1278.5514019629613,1245.2504758872308,1276.5721435546875,2370800,0.0,0.0
2023-03-09,1277.6112747919406,1281.371914007721,1232.0388026094993,1235.2056884765625,3596577,0.0,0.0
2023-03-10,1236.0469299519182,1243.6670268348453,1212.6421740909977,1213.9781494140625,2664696,0.0,0.0
2023-03-13,1210.0195289873507,1218.2334993600118,1170.1869551861805,1181.0728759765625,3842775,0.0,0.0
2023-03-14,1179.9349157469476,1180.0338545037528,1144.852488948965,1148.7615966796875,5379592,0.0,0.0
2023-03-15,1154.8973428994968,1162.2206235620438,1141.2404108313865,1148.3162841796875,2226887,0.0,0.0
2023-03-16,1147.9698433362196,1163.0616882593897,1128.3257283675846,1154.94677734375,3604480,0.0,0.0
2023-03-17,1160.736090952242,1173.947616362236,1140.0528169014085,1159.3505859375,3683701,0.0,0.0
2023-03-20,1157.8166019577236,1166.9212628266457,1133.1254024274392,1155.54052734375,2082268,0.0,0.0
2023-03-21,1158.4599543056038,1162.8143470853465,1144.4072675391633,1148.266845703125,2209422,0.0,0.0
2023-03-22,1155.3921072381584,1168.2572870189686,1147.128727462892,1152.02734375,2211909,0.0,0.0
2023-03-23,1148.9595431125808,1162.8143524179866,1141.834260934398,1152.8685302734375,2594282,0.0,0.0
2023-03-24,1148.5142413551187,1158.4105335703043,1135.2036558430848,1138.8653564453125,1839876,0.0,0.0
2023-03-27,1129.6617621485918,1138.66736394966,1113.8276945232064,1126.09912109375,2446528,0.0,0.0
2023-03-28,1131.7398865221392,1137.0839081626227,1111.7494257534622,1116.5986328125,1903339,0.0,0.0
2023-03-29,1122.1899804180691,1140.4981205756478,1120.2602518042788,1132.4327392578125,4003003,0.0,0.0
2023-03-31,1135.6984892297812,1150.9388036539974,1133.966638063492,1146.683349609375,2343070,0.0,0.0
2023-04-03,1149.2564250528974,1167.7624425581405,1143.3186499212459,1157.7672119140625,2546562,0.0,0.0
2023-04-05,1159.8454530298943,1161.132019345609,1140.0033387241535,1143.467041015625,2028469,0.0,0.0
2023-04-06,1142.0321667389273,1162.8143812116462,1136.3913282752164,1159.103271484375,2029418,0.0,0.0
2023-04-10,1159.103151624251,1178.6483275000921,1159.103151624251,1176.273193359375,2586918,0.0,0.0
2023-04-11,1187.5551053469785,1191.7114998939521,1175.877431822659,1189.2374267578125,2443384,0.0,0.0
2023-04-12,1191.0188089492146,1200.370757091595,1186.1696014365775,1194.828857421875,2469405,0.0,0.0
2023-04-13,1200.8654642701872,1209.5247194806857,1187.1097154935544,1192.057861328125,4470196,0.0,0.0
2023-04-17,1206.3085029256529,1206.3085029256529,1190.9198408646826,1200.3707275390625,1956198,0.0,0.0
2023-04-18,1200.4202698537283,1205.269477297602,1190.1281015819936,1192.206298828125,2075066,0.0,0.0
2023-04-19,1192.1568344992554,1205.3188303165698,1190.9197980049018,1202.894287109375,1818732,0.0,0.0
2023-04-20,1205.3684048246723,1212.196870687751,1201.954232295308,1205.962158203125,2172677,0.0,0.0
2023-04-21,1209.277392178608,1209.277392178608,1196.5112717244533,1200.1728515625,1015815,0.0,0.0
2023-04-24,1197.8472731291224,1204.4777408087755,1183.5965877115245,1195.2247314453125,1389756,0.0,0.0
2023-04-25,1195.2246592983556,1202.3994709563256,1186.9612796876318,1197.3028564453125,1360260,0.0,0.0
2023-04-26,1199.43062598213,1204.6261794362606,1192.80015846717,1200.964599609375,1708865,0.0,0.0
2023-04-27,1197.500873193924,1212.295781553181,1197.500873193924,1211.30615234375,1340045,0.0,0.0
2023-04-28,1212.295827730526,1216.006937407252,1198.935832894312,1214.1761474609375,2333102,0.0,0.0
2023-05-02,1217.2439202120136,1227.9319639307355,1204.8735551692084,1224.46826171875,2607580,0.0,0.0
2023-05-03,1224.4682397385081,1229.1194485893714,1217.342837119152,1222.6373291015625,1307304,0.0,0.0
2023-05-04,1222.1920942992954,1225.2105117608025,1215.2646897162224,1218.92626953125,1541188,0.0,0.0
2023-05-05,1220.0148805103247,1229.4657665346967,1195.5215587252276,1198.6387939453125,4753718,0.0,0.0
2023-05-08,1204.3291786327106,1226.9917109469602,1201.1128838074492,1219.0252685546875,3513667,0.0,0.0
2023-05-09,1226.150631115645,1237.03655278011,1221.2520146883762,1232.53369140625,1846359,0.0,0.0
2023-05-10,1237.0365368223356,1242.7764346749311,1222.1920983804678,1235.7005615234375,2108081,0.0,0.0
2023-05-11,1237.0365537795165,1247.7740069054523,1231.2472468686985,1238.3231201171875,4100467,0.0,0.0
2023-05-12,1243.3701074570338,1265.5378249208584,1238.3230228748184,1262.71728515625,2427624,0.0,0.0
2023-05-15,1266.6264047070968,1274.394969566689,1259.4020634109183,1272.3167724609375,2647630,0.0,0.0
2023-05-16,1273.6527442977608,1278.303953084182,1245.7946589465412,1249.3572998046875,1571371,0.0,0.0
2023-05-17,1251.8809299803863,1258.5113972561728,1247.6254761259086,1250.0006103515625,1643851,0.0,0.0
2023-05-18,1256.7795147410313,1256.7795147410313,1228.3772059149264,1232.5831298828125,1900447,0.0,0.0
2023-05-19,1239.9065159498407,1249.357402838755,1224.6166714996823,1247.3287353515625,1588996,0.0,0.0
2023-05-22,1246.1905806343084,1256.2847502378982,1238.323076749541,1252.42529296875,917769,0.0,0.0
2023-05-23,1252.4252774507515,1257.5713009487527,1243.5186146858184,1255.3941650390625,1803955,0.0,0.0
2023-05-24,1246.9328399869328,1264.7461662724604,1241.489879177466,1262.469970703125,1369297,0.0,0.0
2023-05-25,1266.7253536532917,1267.5171053210624,1244.5082268269693,1264.5482177734375,2040166,0.0,0.0
2023-05-26,1276.6216543986882,1279.3926644509036,1255.1961582860893,1268.55615234375,3508112,0.0,0.0
2023-05-29,1307.7950296647878,1335.9994627676606,1284.5387427203136,1316.3553466796875,6185862,0.0,0.0
2023-05-30,1316.1572953502423,1321.4519081699993,1306.310533213289,1314.6728515625,2493657,0.0,0.0
2023-05-31,1311.2586980881883,1314.4749930080272,1289.73426285542,1305.3209228515625,5629378,0.0,0.0
2023-06-01,1305.3209846628636,1323.8270033715971,1299.185331616212,1305.2220458984375,2364455,0.0,0.0
2023-06-02,1311.110235701286,1331.051288458768,1306.6074952749816,1327.4886474609375,2313841,0.0,0.0
2023-06-05,1335.801522193451,1386.4704881421474,1332.3872290227002,1380.9285888671875,5105293,0.0,0.0
2023-06-06,1380.9286281805744,1400.2263978368624,1373.654877624843,1396.564697265625,2335838,0.0,0.0
2023-06-07,1408.0445187510663,1408.0445187510663,1380.5327777965354,1391.8145751953125,2491079,0.0,0.0
2023-06-08,1398.049083658094,1400.869623443171,1363.214185108103,1366.7274169921875,1776230,0.0,0.0
2023-06-09,1366.4305336084103,1372.615716179515,1348.8646151064736,1356.435302734375,1881329,0.0,0.0
2023-06-12,1363.6101502085835,1370.4386161066836,1355.099362928848,1367.0738525390625,1389300,0.0,0.0
2023-06-13,1368.805716291929,1374.100208599194,1354.0106865759312,1358.909423828125,2516583,0.0,0.0
2023-06-14,1359.7504950680902,1366.677899336996,1351.833461617912,1364.352294921875,905086,0.0,0.0
2023-06-15,1367.4696391541447,1392.606123497169,1357.276410353631,1378.3060302734375,1720070,0.0,0.0
2023-06-16,1384.4912162154526,1395.179259630204,1378.9493169947582,1389.2908935546875,2132678,0.0,0.0
2023-06-19,1394.8823913874091,1400.671698187601,1381.5223968618823,1388.0045166015625,1476764,0.0,0.0
2023-06-20,1388.0538951228054,1395.2782366220504,1366.3809914294163,1381.9676513671875,1042428,0.0,0.0
2023-06-21,1379.5926312389472,1388.8456400756577,1356.435283854189,1359.9979248046875,2008628,0.0,0.0
2023-06-22,1364.6986704809767,1377.5638501156777,1360.3938076102343,1364.4017333984375,1296616,0.0,0.0
2023-06-23,1362.6204715271194,1365.29242204908,1354.307562074743,1359.00830078125,1258590,0.0,0.0
2023-06-26,1360.7401479307175,1390.3300851265892,1355.7424721565794,1383.1552734375,2281046,0.0,0.0
2023-06-27,1392.1114123778257,1402.3046419359391,1379.147293412824,1387.8560791015625,2737379,0.0,0.0
2023-06-28,1387.8560791015625,1387.8560791015625,1387.8560791015625,1387.8560791015625,0,0.0,0.0
2023-06-30,1388.1034634726675,1445.8483048761532,1385.4809218525766,1438.5250244140625,4114865,0.0,0.0
2023-07-03,1454.7549845552505,1482.514133092484,1444.1659999962146,1452.7261962890625,3615176,0.0,0.0
2023-07-04,1471.5786382239091,1471.5786382239091,1446.936846684576,1449.262451171875,1595700,0.0,0.0
2023-07-05,1448.767641262474,1462.671980057698,1441.9887052992601,1460.0494384765625,1456527,0.0,0.0
2023-07-06,1462.5235269280922,1536.79524863294,1457.377503276585,1532.73779296875,5628945,0.0,0.0
2023-07-07,1530.857484598937,1575.440209060367,1523.3363265894473,1547.9285888671875,6905845,0.0,0.0
2023-07-10,1550.7489826359429,1562.6245332368565,1529.9172393017682,1535.310791015625,2276342,0.0,0.0
2023-07-11,1542.0896634648666,1559.6555813384434,1534.3210985943222,1553.1734619140625,1563376,0.0,0.0
2023-07-12,1552.7281701544473,1563.2677449922724,1525.6618364735539,1554.5589599609375,2658457,0.0,0.0
2023-07-13,1559.6556260125294,1578.2607033755341,1542.2875851549281,1550.6500244140625,1859405,0.0,0.0
2023-07-14,1562.699951171875,1566.9000244140625,1542.699951171875,1546.550048828125,2174792,16.25,0.0
2023-07-17,1559.0,1559.0,1529.5,1536.300048828125,1520990,0.0,0.0
2023-07-18,1536.0,1542.1500244140625,1526.0,1534.699951171875,1059058,0.0,0.0
2023-07-19,1530.199951171875,1549.5,1524.0,1544.449951171875,1081196,0.0,0.0
2023-07-20,1550.050048828125,1553.75,1530.550048828125,1545.3499755859375,1538263,0.0,0.0
2023-07-21,1548.949951171875,1552.5999755859375,1518.8499755859375,1523.5,1668783,0.0,0.0
2023-07-24,1522.0,1557.0,1514.949951171875,1546.8499755859375,2129706,0.0,0.0
2023-07-25,1551.449951171875,1569.5,1548.050048828125,1565.75,1996604,0.0,0.0
2023-07-26,1570.1500244140625,1574.0,1532.0,1544.8499755859375,2100855,0.0,0.0
2023-07-27,1499.0,1500.0,1438.3499755859375,1447.4000244140625,11879512,0.0,0.0
2023-07-28,1460.0,1471.0,1450.0,1467.800048828125,4714146,0.0,0.0
2023-07-31,1476.800048828125,1479.0,1457.5999755859375,1475.199951171875,2460789,0.0,0.0
2023-08-01,1475.199951171875,1504.0,1470.199951171875,1493.3499755859375,4184243,0.0,0.0
2023-08-02,1493.3499755859375,1497.0,1465.25,1485.300048828125,3188395,0.0,0.0
2023-08-03,1485.0,1501.550048828125,1447.5999755859375,1469.1500244140625,2222395,0.0,0.0
2023-08-04,1481.0,1502.449951171875,1415.75,1464.6500244140625,8066091,0.0,0.0
2023-08-07,1489.0,1531.0,1480.75,1526.9000244140625,9257291,0.0,0.0
2023-08-08,1530.0,1534.0,1485.0,1499.699951171875,3426948,0.0,0.0
2023-08-09,1505.0,1537.550048828125,1492.25,1534.75,3713003,0.0,0.0
2023-08-10,1534.5,1556.050048828125,1531.800048828125,1545.4000244140625,3600607,0.0,0.0
2023-08-11,1548.550048828125,1559.5999755859375,1533.050048828125,1546.449951171875,2402812,0.0,0.0
2023-08-14,1544.949951171875,1550.75,1524.0,1546.8499755859375,1875450,0.0,0.0
2023-08-16,1559.050048828125,1573.0,1538.5999755859375,1570.5999755859375,2361632,0.0,0.0
2023-08-17,1573.0,1579.050048828125,1560.1500244140625,1573.5,2377711,0.0,0.0
2023-08-18,1568.75,1582.550048828125,1544.5999755859375,1552.6500244140625,2202570,0.0,0.0
2023-08-21,1546.0,1552.6500244140625,1531.75,1538.550048828125,1487526,0.0,0.0
2023-08-22,1538.0,1555.0,1534.75,1550.5,975607,0.0,0.0
2023-08-23,1546.050048828125,1554.8499755859375,1536.0999755859375,1542.449951171875,1405076,0.0,0.0
2023-08-24,1550.050048828125,1554.949951171875,1528.050048828125,1542.199951171875,2111147,0.0,0.0
2023-08-25,1530.9000244140625,1547.25,1508.199951171875,1520.050048828125,1455320,0.0,0.0
2023-08-28,1528.0,1553.0,1524.0999755859375,1549.25,2132512,0.0,0.0
2023-08-29,1554.9000244140625,1564.3499755859375,1540.0,1560.8499755859375,1325882,0.0,0.0
2023-08-30,1569.0,1589.0,1559.800048828125,1583.199951171875,3140040,0.0,0.0
2023-08-31,1588.949951171875,1590.0,1567.1500244140625,1575.4000244140625,3512885,0.0,0.0
2023-09-01,1577.0,1604.5,1575.0,1591.949951171875,2147299,0.0,0.0
2023-09-04,1605.9000244140625,1605.9000244140625,1564.199951171875,1576.4000244140625,2200142,0.0,0.0
2023-09-05,1577.5999755859375,1584.0999755859375,1565.25,1571.1500244140625,1078759,0.0,0.0
2023-09-06,1577.0,1580.9000244140625,1558.699951171875,1577.0,1301466,0.0,0.0
2023-09-07,1572.199951171875,1577.9000244140625,1560.25,1565.75,1514369,0.0,0.0
2023-09-08,1565.0999755859375,1578.0,1560.0,1567.550048828125,1223910,0.0,0.0
2023-09-11,1567.6500244140625,1589.0,1564.0,1582.0999755859375,1921950,0.0,0.0
2023-09-12,1582.199951171875,1589.449951171875,1513.050048828125,1557.949951171875,3770868,0.0,0.0
2023-09-13,1564.0,1568.5999755859375,1530.0999755859375,1536.949951171875,2382637,0.0,0.0
2023-09-14,1545.0,1575.4000244140625,1538.3499755859375,1566.0,2220196,0.0,0.0
2023-09-15,1579.6500244140625,1610.699951171875,1571.8499755859375,1601.0999755859375,5425897,0.0,0.0
2023-09-18,1608.75,1670.0,1602.0999755859375,1641.449951171875,6887528,0.0,0.0
2023-09-20,1620.0999755859375,1665.0,1620.0999755859375,1634.0,6116670,0.0,0.0
2023-09-21,1637.800048828125,1656.199951171875,1575.0999755859375,1583.25,2898266,0.0,0.0
2023-09-22,1580.0,1617.949951171875,1566.0999755859375,1607.1500244140625,3827771,0.0,0.0
2023-09-25,1612.949951171875,1620.0,1582.3499755859375,1589.449951171875,3231962,0.0,0.0
2023-09-26,1589.449951171875,1606.5999755859375,1582.0,1595.199951171875,1479841,0.0,0.0
2023-09-27,1594.8499755859375,1599.5999755859375,1583.25,1589.199951171875,1991198,0.0,0.0
2023-09-28,1595.949951171875,1596.9000244140625,1544.0,1556.050048828125,2369699,0.0,0.0
2023-09-29,1574.0,1576.5,1550.0999755859375,1554.25,1254881,0.0,0.0
2023-10-03,1597.199951171875,1598.0,1533.050048828125,1537.4000244140625,3436776,0.0,0.0
2023-10-04,1531.800048828125,1537.9000244140625,1501.75,1522.0999755859375,2580901,0.0,0.0
2023-10-05,1533.0,1550.800048828125,1513.050048828125,1537.949951171875,1991367,0.0,0.0
2023-10-06,1545.0,1554.0,1540.3499755859375,1548.8499755859375,1743027,0.0,0.0
2023-10-09,1540.0,1541.25,1514.0,1515.199951171875,2123175,0.0,0.0
2023-10-10,1521.449951171875,1543.8499755859375,1519.199951171875,1537.8499755859375,1956653,0.0,0.0
2023-10-11,1540.0,1559.1500244140625,1540.0,1556.300048828125,1536986,0.0,0.0
2023-10-12,1559.0,1570.050048828125,1555.5999755859375,1566.6500244140625,1731806,0.0,0.0
2023-10-13,1560.5,1574.4000244140625,1550.300048828125,1562.449951171875,1465554,0.0,0.0
2023-10-16,1562.8499755859375,1577.25,1558.5,1574.550048828125,1089610,0.0,0.0
2023-10-17,1575.0,1583.9000244140625,1568.5999755859375,1576.5999755859375,997962,0.0,0.0
2023-10-18,1576.5999755859375,1579.449951171875,1561.75,1574.8499755859375,1212994,0.0,0.0
2023-10-19,1553.3499755859375,1578.9000244140625,1553.3499755859375,1569.550048828125,1239578,0.0,0.0
2023-10-20,1566.0,1575.0,1545.0999755859375,1558.25,1435102,0.0,0.0
2023-10-23,1548.25,1574.9000244140625,1546.5,1565.1500244140625,4069167,0.0,0.0
2023-10-25,1574.0,1576.5999755859375,1547.0,1569.0999755859375,2510769,0.0,0.0
2023-10-26,1554.0,1558.199951171875,1500.0,1506.0999755859375,3343802,0.0,0.0
2023-10-27,1508.3499755859375,1533.949951171875,1507.300048828125,1510.800048828125,3341111,0.0,0.0
2023-10-30,1502.0999755859375,1515.449951171875,1463.199951171875,1497.800048828125,2637486,0.0,0.0
2023-10-31,1494.199951171875,1497.300048828125,1455.550048828125,1458.5999755859375,2555737,0.0,0.0
2023-11-01,1464.9000244140625,1485.0,1450.0,1454.5999755859375,2627536,0.0,0.0
2023-11-02,1465.0,1477.5,1452.5,1469.699951171875,2091122,0.0,0.0
2023-11-03,1480.0,1488.0999755859375,1460.449951171875,1469.0,2456723,0.0,0.0
2023-11-06,1481.800048828125,1492.199951171875,1473.550048828125,1488.300048828125,1271868,0.0,0.0
2023-11-07,1488.25,1497.0,1475.0,1479.75,1940908,0.0,0.0
2023-11-08,1485.050048828125,1489.4000244140625,1474.0,1487.4000244140625,1342202,0.0,0.0
2023-11-09,1487.4000244140625,1558.699951171875,1487.4000244140625,1552.050048828125,4831782,0.0,0.0
2023-11-10,1550.0,1551.0,1515.300048828125,1524.0999755859375,4872228,0.0,0.0
2023-11-13,1526.25,1543.300048828125,1513.050048828125,1540.25,1968032,0.0,0.0
2023-11-15,1549.0,1550.800048828125,1533.550048828125,1544.1500244140625,2782942,0.0,0.0
2023-11-16,1544.199951171875,1583.949951171875,1538.5,1569.5,3224223,0.0,0.0
2023-11-17,1575.0,1596.0,1572.6500244140625,1584.550048828125,2035309,0.0,0.0
2023-11-20,1589.800048828125,1589.800048828125,1540.5999755859375,1552.199951171875,2918577,0.0,0.0
2023-11-21,1553.0,1571.4000244140625,1549.1500244140625,1559.75,2213144,0.0,0.0
2023-11-22,1560.0,1564.6500244140625,1535.0,1543.449951171875,1269475,0.0,0.0
2023-11-23,1556.5999755859375,1560.949951171875,1535.0999755859375,1545.8499755859375,1552635,0.0,0.0
2023-11-24,1549.0,1559.5,1547.5,1553.199951171875,1239270,0.0,0.0
2023-11-28,1553.199951171875,1572.0,1542.1500244140625,1566.050048828125,2596766,0.0,0.0
2023-11-29,1576.0,1623.4000244140625,1567.25,1619.0999755859375,3581220,0.0,0.0
2023-11-30,1615.050048828125,1660.0,1613.699951171875,1647.75,5214960,0.0,0.0
2023-12-01,1656.0,1666.0,1621.199951171875,1625.5,2489225,0.0,0.0
